alexandre.fayolle@camptocamp.com|Alexandre Fayolle
guewen.baconnier@camptocamp.com|Guewen Baconnier
katja.matthes@initos.com|Katja Matthes
laetitia.gangloff@acsone.eu|Laetitia Gangloff
lorenzo.battistini@agilebg.com|Lorenzo Battistini
ls@numerigraphe.com|Lionel Sausin
markus.schneider@initos.com|Markus Schneider
nicola.malcontenti@gmail.com|Nicola Malcontenti
nicolas.bessi@camptocamp.com|Nicolas Bessi
pedro.baeza@serviciosbaeza.com|Pedro M. Baeza
romain.deheele@camptocamp.com|Romain Deheele
vincent.renaville@camptocamp.com|Vincent Renaville
yannick.vaucher@camptocamp.com|Yannick Vaucher
